issuer_id,user_id,issuer_type,email,username,status,level,country,region,created_at,updated_at,metadata
51a0663a-3486-42e5-b10a-15489fcd052f,29809268-691a-49df-a9b1-693e9dc02b90,ATHLETE,user10797@test.com,user_1797,PASSED,PRO,UK,NA,2025-01-12,,
c54c0781-9cca-4ac7-9480-d13ad9e3d53b,a5d5d5d9-6967-48ac-aa0d-7f8de92a7b59,ATHLETE,user11168@test.com,user_2168,PASSED,YOUTH,UK,NA,2025-06-10,,
647578c1-bc55-4d72-8a12-4bb490354d98,810d8ad0-c385-47a5-8769-7272526f00d0,ATHLETE,user10163@test.com,user_1163,PASSED,COLLEGE,UK,NA,2025-07-21,,
d61c7b86-15ef-4484-ac8c-612793aff52b,b9dbfb71-ca66-434c-b712-2a4e1e06745d,ATHLETE,user10657@test.com,user_1657,PASSED,YOUTH,CA,NA,2025-12-13,,
0e42c3ae-9a65-496e-a39a-b407b3272d5b,5341fc2a-9d42-4452-8464-f7bacdd4bf25,ATHLETE,user11684@test.com,user_2684,PASSED,YOUTH,US,NA,2025-08-18,,
3eaf174c-50bd-4858-90e4-947c9f7eeaea,a020f73c-acc8-41e0-805e-58a9d696c38c,ATHLETE,user10237@test.com,user_1237,PASSED,COLLEGE,UK,NA,2025-08-11,,
7a904156-8683-458f-b47d-5c4aab49af45,b8b5d15d-a773-4d11-b440-0880539df46b,ATHLETE,user11044@test.com,user_2044,PASSED,COLLEGE,CA,NA,2025-03-26,,
3f285584-fdc6-48e9-9734-3942d31bacf5,bc16b192-aeb9-402f-af89-2a9b732fce3f,ATHLETE,user10093@test.com,user_1093,PASSED,PRO,CA,NA,2025-03-01,,
28bcc0c0-0d23-4fef-8276-9f31c7f14e5f,bcd53be9-421d-42cb-bf1e-9874081152d1,ATHLETE,user10881@test.com,user_1881,PASSED,YOUTH,US,NA,2025-04-30,,
03efff52-d949-452d-b6bf-ac17b531a0c5,a0d7a6c9-37bf-45e1-8361-21f56dca9a12,ATHLETE,user11386@test.com,user_2386,PASSED,YOUTH,UK,NA,2025-02-20,,
ad46becc-3e6b-4282-984d-49231d515a94,bbc573d1-3304-4b39-ad59-3f31d694c4ca,ATHLETE,user10475@test.com,user_1475,PASSED,YOUTH,CA,NA,2025-07-24,,
b2844c9f-af96-47da-b5c1-82a7fd1ee5e6,b20d6bd4-d965-45e9-87f4-398f0abda379,ATHLETE,user10175@test.com,user_1175,PASSED,COLLEGE,UK,NA,2025-11-22,,
846a545c-d9c0-46ab-beb7-62cadfa11990,b25b7141-af55-48fd-8010-e5cd31119a4f,ATHLETE,user11005@test.com,user_2005,PASSED,PRO,US,NA,2025-12-18,,
e1ea9e9c-71a9-4a5f-b478-6da4ec91b1ff,abab5403-c7da-40c2-a934-297321f765db,ATHLETE,user10102@test.com,user_1102,PASSED,COLLEGE,CA,NA,2025-06-08,,
e584e7e2-e828-44ef-bee7-3845beb0ab4f,0bd9ea63-3ed8-46bf-ac47-3dabd4b31ce6,ATHLETE,user10845@test.com,user_1845,PASSED,COLLEGE,CA,NA,2025-04-02,,
90e12ca6-63dc-4837-a703-9f8929bcbd14,eff9307c-5b04-4841-bc03-ff9c81952405,ATHLETE,user10541@test.com,user_1541,PASSED,PRO,UK,NA,2025-09-14,,
7d59b7f4-f1ea-4bab-8063-52a4aaf45cf4,7215691d-f84c-449f-8662-b15be6b5914a,ATHLETE,user11028@test.com,user_2028,PASSED,PRO,UK,NA,2025-08-31,,
1a738623-e241-4d69-bd00-cee9b49634a2,72d342aa-a1d7-43f4-8938-8b7f368d0827,ATHLETE,user11191@test.com,user_2191,PASSED,PRO,CA,NA,2025-09-14,,
1eedfe20-d53b-4724-a4cd-23334a53e427,0a57ebf2-d86c-4a8e-bdb6-dcf408aa588c,ATHLETE,user10691@test.com,user_1691,PASSED,PRO,CA,NA,2025-09-07,,
ae2ccce2-43da-4fc7-9850-3e08b5e8dc0b,d4804c75-df05-4475-a2c3-869fb5bd9977,ATHLETE,user10391@test.com,user_1391,PASSED,COLLEGE,CA,NA,2025-04-18,,
c9899787-f70f-4b60-8a29-934a2fd276c4,8fd08dcb-df17-40ec-8aaf-ed9f071581fa,ATHLETE,user10206@test.com,user_1206,PASSED,YOUTH,CA,NA,2025-04-16,,
e83a1696-a573-4686-b3b4-4e41c493a203,26a4a216-45d4-49d7-a273-1a3b924b89c1,ATHLETE,user10526@test.com,user_1526,PASSED,PRO,CA,NA,2025-09-06,,
f7081bbd-73e1-4a30-98a3-dc6e26433fcd,df291702-d739-47c9-9fe4-923c2e9f5d79,ATHLETE,user11744@test.com,user_2744,PASSED,COLLEGE,US,NA,2025-02-02,,
94cdbeb5-7f30-4f09-a2c3-369e8d8c0f22,e7b1af65-1711-48db-8dd9-478c17f4dc1b,ATHLETE,user11863@test.com,user_2863,PASSED,PRO,US,NA,2025-08-11,,
a76e618d-c65c-4e4b-830e-0e334a097270,7d88edd7-0eae-4549-afd9-7ad6e7c94649,ATHLETE,user10118@test.com,user_1118,PASSED,COLLEGE,UK,NA,2025-02-07,,
7eae04df-ab4c-418c-ad30-e1b498a60072,017df8a1-e044-4ff1-85ce-7f743501dc1a,ATHLETE,user10123@test.com,user_1123,PASSED,PRO,US,NA,2025-04-12,,
04f64e5a-b7ea-400b-8ad9-30b6e3735150,b5916c8a-a841-4178-a238-c95342e975a3,ATHLETE,user11535@test.com,user_2535,PASSED,YOUTH,US,NA,2025-06-27,,
b411f72e-128d-43ea-bbe5-fc8f04cbe3ea,aecda055-595e-45aa-923a-3c040596d7af,ATHLETE,user11890@test.com,user_2890,PASSED,PRO,UK,NA,2025-11-12,,
8265289a-0939-4381-8b05-ca47af825f5e,5c5589eb-5988-4cce-bbe9-2961d609cf94,ATHLETE,user11664@test.com,user_2664,PASSED,YOUTH,UK,NA,2025-10-22,,
5fae65c9-2cef-491b-96d6-cadb6975121d,d61d7d89-f962-44b0-a0e2-68f85920be63,ATHLETE,user10321@test.com,user_1321,PASSED,COLLEGE,UK,NA,2025-12-26,,
ed4e3f12-9181-4f72-abf4-d7531cf1a53d,d86da139-6102-4d62-9a53-22ba96313d22,ATHLETE,user11274@test.com,user_2274,PASSED,PRO,US,NA,2025-02-20,,
502401e1-13c7-40fe-a4d7-2e14b6e6a8a7,5d291b45-7894-4b82-a851-a198b7880fb9,ATHLETE,user11793@test.com,user_2793,PASSED,PRO,UK,NA,2025-10-29,,
3b469c9c-f312-4123-9b10-29f58ff050f6,c8520597-db7e-4a29-835c-6cd412b32cb2,ATHLETE,user11938@test.com,user_2938,PASSED,YOUTH,UK,NA,2025-01-14,,
75e8eca1-ef65-4637-b2f6-0539ae770bf9,56bc0963-841e-4bd1-ad6d-20b076040d35,ATHLETE,user11702@test.com,user_2702,PASSED,YOUTH,UK,NA,2025-10-07,,
82215456-afe2-4c03-990b-c2860e66d714,353f4eb8-258a-47a4-b464-5fad686e9115,ATHLETE,user10939@test.com,user_1939,PASSED,YOUTH,UK,NA,2025-07-23,,
1993a9dd-0ee8-4859-b428-6308b0f6e7f1,63fb744d-ba73-4891-a331-db3fe506a09c,ATHLETE,user10281@test.com,user_1281,PASSED,YOUTH,CA,NA,2025-05-10,,
8c9afd66-d69e-4d8f-9e43-59ffeddc898c,139b2794-cb68-4a73-bd30-65b1dc89bc88,ATHLETE,user11176@test.com,user_2176,PASSED,YOUTH,UK,NA,2025-07-13,,
9c8858b2-92b5-4635-8983-713f175c3796,da602cdb-4711-4a8a-960c-e352c39541e4,ATHLETE,user10291@test.com,user_1291,PASSED,PRO,US,NA,2025-06-27,,
601d5eac-64b0-4566-b8fe-3d11b9642087,e51a4188-70b5-408a-9161-532ee6e2e0ef,ATHLETE,user11705@test.com,user_2705,PASSED,YOUTH,CA,NA,2025-06-22,,
c0f5fee8-fa25-40ff-b4f6-bddbcf1940ec,864e751d-d9b9-4740-b569-5d207cc45aef,ATHLETE,user10882@test.com,user_1882,PASSED,YOUTH,US,NA,2025-01-12,,
9c99a70f-eab5-403a-8073-512a931bf764,25c2fead-2312-49b1-96a1-852226094d76,ATHLETE,user11406@test.com,user_2406,PASSED,COLLEGE,US,NA,2025-07-28,,
90d1059d-abe3-4fbd-b947-23052c7e5069,700a2c38-e01e-4eb6-8cc6-396724be49af,ATHLETE,user11341@test.com,user_2341,PASSED,PRO,US,NA,2025-07-23,,
c0c054d5-59de-4ccd-ad53-370c3606d25d,4a5c11ca-97ee-4661-9622-9b528f527432,ATHLETE,user11262@test.com,user_2262,PASSED,YOUTH,UK,NA,2025-10-29,,
2af8c71c-d0fa-4498-8f60-428d1d7805ec,855b197c-81c4-4f17-8029-81fffde623fd,ATHLETE,user10170@test.com,user_1170,PASSED,PRO,UK,NA,2025-11-03,,
1768176c-648f-418e-86b7-7040c7e2724b,5e20743c-59a9-4e17-b3ef-2f520afcfadc,ATHLETE,user11874@test.com,user_2874,PASSED,YOUTH,US,NA,2025-05-10,,
79d60e8f-a0d0-4799-94aa-ef88117e0aca,84b146f6-d3ce-4d83-b183-f38247e18960,ATHLETE,user10113@test.com,user_1113,PASSED,PRO,US,NA,2025-01-23,,
109899bc-e1e0-4efe-888a-7e212ce2c979,bbc682a8-2f6f-4a09-b54c-9148797045d0,ATHLETE,user11064@test.com,user_2064,PASSED,PRO,US,NA,2025-11-30,,
c7533a29-7805-44c3-a7ec-1a8b416ad1bf,78f25ffe-ddd1-41b4-8f94-63755ed30c66,ATHLETE,user10678@test.com,user_1678,PASSED,PRO,UK,NA,2025-09-06,,
cfa88abf-7764-477c-8827-33b997a208c3,76162f7f-8d60-46fe-9118-c24abc6d93dc,ATHLETE,user11475@test.com,user_2475,PASSED,COLLEGE,US,NA,2025-09-10,,
2f08a6df-7fa0-4b82-b81e-6b49721330e8,0196180b-04db-4775-b59b-846664c7b389,ATHLETE,user10053@test.com,user_1053,PASSED,PRO,CA,NA,2025-09-18,,
465e44d7-0500-4539-a306-96a468dde96a,7187ed41-efe2-420f-bde6-bdb53c334313,ATHLETE,user11400@test.com,user_2400,PASSED,COLLEGE,US,NA,2025-07-11,,
4250dd50-4529-4929-8f9f-0f382692c4fe,d7363588-8701-4172-8898-12f394310084,ATHLETE,user10088@test.com,user_1088,PASSED,COLLEGE,CA,NA,2025-08-09,,
c5cfab8c-1ae1-4b1f-8084-7d11c070cb86,d357bdd1-74d2-4509-83e8-b508354789aa,ATHLETE,user11678@test.com,user_2678,PASSED,COLLEGE,US,NA,2025-02-21,,
e072e8c9-82f8-46ab-98a1-34dde4f662a2,f3dceabd-716a-4823-b1c4-cf802e7fc1a0,ATHLETE,user11794@test.com,user_2794,PASSED,COLLEGE,CA,NA,2025-05-07,,
da30f413-e671-411d-ac58-39bc543fa6fc,2c96d0c9-f184-476f-bada-7c4abf8ebea7,ATHLETE,user10664@test.com,user_1664,PASSED,COLLEGE,UK,NA,2025-05-17,,
22745612-bd43-49ca-8d3d-c6233b1efc84,80606c24-8379-467b-a313-f850ef9c8de3,ATHLETE,user11596@test.com,user_2596,PASSED,COLLEGE,US,NA,2025-11-24,,
3d2c182a-3169-4ec7-b0e4-a0c98fdb9378,40776315-e1f0-4729-9566-5892ea37d53e,ATHLETE,user11173@test.com,user_2173,PASSED,COLLEGE,CA,NA,2025-07-24,,
d4e8694a-2d70-475a-8273-bcce8a1079a7,609ff6c8-c7e0-4e74-8747-bdc02bbe1a97,ATHLETE,user11827@test.com,user_2827,PASSED,PRO,UK,NA,2025-06-10,,
85604515-75ff-4317-bcc3-e61a0f54823b,a2866fd2-e3f6-4ef9-a823-f626b63111ce,ATHLETE,user11803@test.com,user_2803,PASSED,YOUTH,UK,NA,2025-04-01,,
2d816a8d-2851-44e3-82d1-9da3725edf4d,926d1ec6-f54a-4f2a-862f-e5535e463af3,ATHLETE,user10847@test.com,user_1847,PASSED,YOUTH,US,NA,2025-11-01,,
0af20c19-39b9-46af-9340-cbc2b3684a74,ba85c348-e06c-4bed-a69c-59941b630c54,ATHLETE,user11269@test.com,user_2269,PASSED,YOUTH,UK,NA,2025-09-04,,
46d7bf7a-b161-40dc-8c41-c546b68e3c4d,cbe97fa9-b75f-423a-bcff-ae0ca5907b24,ATHLETE,user11259@test.com,user_2259,PASSED,COLLEGE,CA,NA,2025-04-20,,
4b0fb57b-3bb3-457d-9973-16f232ecb9ff,d427afbf-64b4-451f-88ca-e8b05cff5853,ATHLETE,user10958@test.com,user_1958,PASSED,YOUTH,UK,NA,2025-05-09,,
27f2c103-ace5-4680-a536-b244f44bc760,78e69138-c52f-4f4e-8df8-aae3b814041b,ATHLETE,user11328@test.com,user_2328,PASSED,YOUTH,CA,NA,2025-02-28,,
aff1b03d-a8a4-45d5-816d-01e2c17375f1,36b2c171-dd65-4a63-99ca-eaee274aefd7,ATHLETE,user11405@test.com,user_2405,PASSED,PRO,US,NA,2025-01-04,,
3d323cd2-bd81-434b-9f5b-d038f8151363,96dca4c0-20ab-4b19-a4b9-91dff4712406,ATHLETE,user10550@test.com,user_1550,PASSED,YOUTH,US,NA,2025-02-09,,
7ed3fa46-4653-48dd-bd4e-cd53324f8fac,05526cf0-b97f-40a4-9732-cb9d21cd24c1,ATHLETE,user11057@test.com,user_2057,PASSED,YOUTH,CA,NA,2025-08-10,,
b35bbef9-21e7-48ca-b873-e133e8002320,48592b45-0680-4c60-97f8-c7fe0d659d85,ATHLETE,user11998@test.com,user_2998,PASSED,PRO,CA,NA,2025-09-22,,
930e50bd-0b0b-4587-a28c-cffdde0be97f,45a10b7c-95da-4a59-a474-582bc3b40ea4,ATHLETE,user11372@test.com,user_2372,PASSED,YOUTH,UK,NA,2025-04-22,,
3176567b-064a-46cf-9191-cb903390fe39,8a43aceb-8872-47b5-9081-b4977aedd326,ATHLETE,user10217@test.com,user_1217,PASSED,COLLEGE,US,NA,2025-02-07,,
72560f54-a81b-4d41-8335-7c78890917c6,1dd7d119-f7ee-4224-9bb3-a11d6c179263,ATHLETE,user11762@test.com,user_2762,PASSED,PRO,US,NA,2025-04-28,,
ed9a8096-44af-4188-b654-866ccb392d96,16ace09d-b59d-48ff-b40a-642e949860b5,ATHLETE,user10802@test.com,user_1802,PASSED,PRO,US,NA,2025-06-09,,
635ad4f6-2089-4539-aed1-012baa599b12,677ba9ef-a65b-4dba-9d3e-3b997b3072a4,ATHLETE,user10610@test.com,user_1610,PASSED,COLLEGE,CA,NA,2025-12-10,,
eb7fbe13-7f06-4abc-979a-503afb36bec7,fbb55dc9-7d88-439d-bf47-58933fdad47d,ATHLETE,user11850@test.com,user_2850,PASSED,COLLEGE,US,NA,2025-07-17,,
79c68f5a-1db2-40e4-a89e-0c69c34c9d03,a38b96af-3ae2-4a52-a60c-17ff87249ce8,ATHLETE,user11026@test.com,user_2026,PASSED,PRO,CA,NA,2025-04-05,,
e9bc508a-844d-405a-a26e-1813413bb318,ba9d0282-7c3e-4285-9144-54d2e8335079,ATHLETE,user10907@test.com,user_1907,PASSED,PRO,US,NA,2025-05-09,,
106e3e0c-de14-4976-9f75-23e13d960d8b,f667fb51-b959-434c-92a1-ae24787d65a2,ATHLETE,user10225@test.com,user_1225,PASSED,YOUTH,UK,NA,2025-03-30,,
3f7607ca-b5a8-49a1-87bd-d6883d8829d8,0c1e908b-4df7-472e-abaa-673e73ae7f20,ATHLETE,user11558@test.com,user_2558,PASSED,PRO,CA,NA,2025-04-13,,
802b4c9f-9461-4083-aeaf-794e4e300252,e926b3e0-3239-43de-a1a0-c613e9d1a916,ATHLETE,user11959@test.com,user_2959,PASSED,COLLEGE,CA,NA,2025-09-07,,
7f55f9cf-0ca2-4bf2-9c1c-90770d39a2b6,498afaa0-da33-4fed-a08d-1be342407ed1,ATHLETE,user11967@test.com,user_2967,PASSED,PRO,US,NA,2025-02-04,,
1cb1466d-6582-4fb6-8d00-30de4fc6f911,c4b4b798-0b9f-4908-affd-018107a32b98,ATHLETE,user10980@test.com,user_1980,PASSED,PRO,CA,NA,2025-09-19,,
de99b952-f8d4-4abb-a290-de19c3d6716b,7ccba6f9-e738-4bbc-a63a-931da78215e0,ATHLETE,user11236@test.com,user_2236,PASSED,YOUTH,CA,NA,2025-09-09,,
fc44a804-6528-4bf6-b443-d4d70863f860,7a68ea40-bda0-4f29-b42e-e83bd01508ca,ATHLETE,user10843@test.com,user_1843,PASSED,COLLEGE,UK,NA,2025-04-07,,
90f96f4c-9b8a-45d9-96ee-5e69d2d83acc,df88aa2f-7cbc-41cc-b4c2-82eb5a6e4acd,ATHLETE,user11085@test.com,user_2085,PASSED,YOUTH,US,NA,2025-12-11,,
77832515-63ec-459e-a0c3-f89776dc76e0,7891cd41-cb23-4f62-ae26-cbca5cbe2c28,ATHLETE,user10186@test.com,user_1186,PASSED,COLLEGE,UK,NA,2025-02-25,,
88724a2c-e187-4dde-b277-9f82096898e6,1b7cb170-16ae-4d8f-a6d1-03ee149d1a3c,ATHLETE,user11647@test.com,user_2647,PASSED,YOUTH,CA,NA,2025-09-25,,
07a7d672-0ee2-4c00-9a40-af6f5c139b79,9a1c587c-514a-4c24-b700-f0e26f1d3796,ATHLETE,user10325@test.com,user_1325,PASSED,PRO,UK,NA,2025-02-18,,
1f79de3a-927c-4d89-9129-41641e9a7862,d1cfe450-cfc4-4558-88eb-04f750f4e168,ATHLETE,user11509@test.com,user_2509,PASSED,YOUTH,US,NA,2025-12-05,,
46ab61ac-0eba-45ef-beae-22ee86732f91,6c426e52-ee64-49dc-a045-9e9793bdb64d,ATHLETE,user11989@test.com,user_2989,PASSED,COLLEGE,UK,NA,2025-07-10,,
ba1fbe2c-9b6e-4466-adc5-fa7f0ea78f65,0ebdd9fb-0a0e-45f9-b6f9-a65717018e59,ATHLETE,user10490@test.com,user_1490,PASSED,YOUTH,UK,NA,2025-06-16,,
9746a27f-ee69-443c-9503-39f2c944d18e,e075bc36-1c08-4c40-ad0b-3a47c65679ac,ATHLETE,user10603@test.com,user_1603,PASSED,COLLEGE,CA,NA,2025-08-27,,
8d0a32bf-53df-40aa-82ee-df020dcc1fdf,1fb24164-80f5-4c6a-b292-eb911f9d248b,ATHLETE,user11240@test.com,user_2240,PASSED,YOUTH,US,NA,2025-01-04,,
78728a9e-f543-4a2b-9058-f049b473ee0e,d5bc04f0-db36-4289-adf5-0ca79ff3db0f,ATHLETE,user11418@test.com,user_2418,PASSED,COLLEGE,US,NA,2025-10-29,,
de2b3532-e7b1-431b-bcc4-11a1692c1247,93803f78-9848-4e5e-9978-0b78dd3cfe56,ATHLETE,user10578@test.com,user_1578,PASSED,YOUTH,UK,NA,2025-08-30,,
f55dda86-39ff-4d98-a137-7cf70b4bc7a7,357b27af-536b-493b-9c76-e9ef85a0d1b0,ATHLETE,user10087@test.com,user_1087,PASSED,COLLEGE,UK,NA,2025-08-20,,
bd4c4b9e-9c36-4a1e-b60b-9d4474a7cfe6,cea96ad9-25a4-409b-a6c1-f536b37e6ae8,ATHLETE,user11955@test.com,user_2955,PASSED,PRO,US,NA,2025-04-14,,
cb93e609-688d-4fd3-9009-fe42cdcdd2d4,fc1b95fc-8414-45d9-81fa-0192c7fa4eac,ATHLETE,user11144@test.com,user_2144,PASSED,YOUTH,US,NA,2025-11-23,,
f01ca401-d47c-430d-8f66-db9b06df3bd9,e13d5822-b9ea-4882-80b5-3d28f5235ab2,ATHLETE,user10676@test.com,user_1676,PASSED,COLLEGE,UK,NA,2025-07-30,,
bfa49061-6e34-4481-8419-38de684d764b,a33c0ea4-0c96-4541-83e2-7d1740af1d11,ATHLETE,user11466@test.com,user_2466,PASSED,COLLEGE,CA,NA,2025-08-03,,
8635b2c1-f6f9-4c73-bf32-543668a8c968,8e00e64c-b127-4554-8ed8-5ad0c5198e9d,ATHLETE,user10736@test.com,user_1736,PASSED,PRO,UK,NA,2025-02-04,,
ebf02628-9da7-4d32-b1b0-9a4ab3a1b576,1b600533-1487-4b0b-9e59-f89d75d25bc0,ATHLETE,user10801@test.com,user_1801,PASSED,YOUTH,CA,NA,2025-06-25,,
7089d763-6fe7-433d-9317-ef762567382f,c0a261eb-f0b4-4dc8-a598-69a295c97307,ATHLETE,user11788@test.com,user_2788,PASSED,COLLEGE,US,NA,2025-12-17,,
ac7ba1e7-b633-4c67-b009-f05c0b3916db,0ded0e5d-e7d7-455d-ba0d-d26ec5576ca3,ATHLETE,user11150@test.com,user_2150,PASSED,PRO,US,NA,2025-08-17,,
2ee4ad79-05e3-4331-95f9-54fa41b78b9b,4d8c20a1-80da-4952-8676-960e66df858e,ATHLETE,user10109@test.com,user_1109,PASSED,YOUTH,CA,NA,2025-01-21,,
d3807baf-1de0-428e-ae2c-6a6d259f0002,b188ca26-000c-4533-beea-2ec300e21858,ATHLETE,user10514@test.com,user_1514,PASSED,YOUTH,CA,NA,2025-12-31,,
919d29ea-f813-4c6e-bd07-31d9e1c445d2,450d4fe1-4cbe-417d-87e2-59d722c1c107,ATHLETE,user11447@test.com,user_2447,PASSED,COLLEGE,CA,NA,2025-08-18,,
37b16751-59dc-4441-82f4-109ae29e69bd,fdd47753-4ed9-4498-b911-98a4bd59dba0,ATHLETE,user10711@test.com,user_1711,PASSED,PRO,UK,NA,2025-08-11,,
51175a59-a7aa-49aa-95a4-f1dad8ce2627,6b0172ec-533e-47a7-bc45-faf625756e6b,ATHLETE,user11291@test.com,user_2291,PASSED,PRO,CA,NA,2025-04-12,,
d4378c6f-2839-4ed6-a6d4-92b9a2bfd6b0,06291f7a-11b2-4453-8609-191ad60f6c2a,ATHLETE,user11266@test.com,user_2266,PASSED,COLLEGE,CA,NA,2025-07-22,,
5d1aa27f-2d5b-47b0-a41d-ca07e6725f8a,f6cc5c74-cbc9-41b9-95d7-5d5de14169e7,ATHLETE,user10671@test.com,user_1671,PASSED,PRO,US,NA,2025-07-12,,
1f3a48a5-2c64-4800-b4d1-0a45b97b95c0,e8921083-7c20-4b9d-9cce-4494a324aae8,ATHLETE,user11975@test.com,user_2975,PASSED,YOUTH,UK,NA,2025-02-07,,
6e066e46-a649-4720-a42a-c2c345763aff,0082a01b-0824-4080-ad86-156e1c20a18f,ATHLETE,user10779@test.com,user_1779,PASSED,PRO,CA,NA,2025-06-09,,
8b6f6290-a073-449a-b941-c46fa5c61f8e,3acc2362-ed3d-49c0-b49f-46536ee42e79,ATHLETE,user10616@test.com,user_1616,PASSED,YOUTH,CA,NA,2025-05-02,,
effae6de-24b5-43b5-abf1-1325f477e5e4,f93cddd5-900b-4757-b0e3-3f4f938a1746,ATHLETE,user10663@test.com,user_1663,PASSED,YOUTH,UK,NA,2025-06-27,,
4e6a4b2a-e441-48cd-8636-9fb39b53a0a1,27113a07-eeaf-4bbd-af33-816ffce09972,ATHLETE,user11399@test.com,user_2399,PASSED,PRO,CA,NA,2025-10-14,,
3946e442-5c15-44ac-9303-eedb53b101aa,4ecb3729-433a-4bf0-91fc-101f4955b3df,ATHLETE,user10535@test.com,user_1535,PASSED,COLLEGE,US,NA,2025-08-12,,
f8f9bcd6-6b27-4d41-a5c5-1ce26ee879c8,89ad5f15-30b4-40d0-a779-5c30b1685cf2,ATHLETE,user11801@test.com,user_2801,PASSED,COLLEGE,CA,NA,2025-03-09,,
1ef99192-60bb-4b56-b361-8c5262b45859,55d6bf3e-7135-466e-826e-e10d04245eb7,ATHLETE,user10599@test.com,user_1599,PASSED,PRO,CA,NA,2025-09-29,,
c4bfc6f7-4c83-4642-a855-a978edc87a51,b4f46eb4-e3c0-418b-9abb-59281ef567ad,ATHLETE,user11157@test.com,user_2157,PASSED,YOUTH,US,NA,2025-02-12,,
149543db-2650-41bc-8374-a1092fca9ca5,fca73e71-047c-4942-b57c-39822de4417f,ATHLETE,user10172@test.com,user_1172,PASSED,COLLEGE,UK,NA,2025-11-29,,
e9b56c29-7030-47a2-a9b5-3b0fb3a5c154,39908a4d-f353-48da-9da5-b04b0125cabc,ATHLETE,user10762@test.com,user_1762,PASSED,COLLEGE,CA,NA,2025-09-01,,
69601c3b-7b13-4ef1-83bb-1fd6806c241f,141b5c8c-798e-473a-8502-db2a7b79029f,ATHLETE,user10710@test.com,user_1710,PASSED,COLLEGE,UK,NA,2025-03-06,,
272f65a5-085d-4557-bbaf-4d40e86a0dc7,8a653dd7-6c8f-41a4-89f0-fd26b6e6ec86,ATHLETE,user11326@test.com,user_2326,PASSED,COLLEGE,US,NA,2025-02-20,,
f09b87b5-9a52-4ad9-812e-a6c601d88972,6fb6a42d-8627-4a39-b52c-d8b9b7d83d00,ATHLETE,user11388@test.com,user_2388,PASSED,COLLEGE,UK,NA,2025-04-03,,
b91a2599-c00b-461e-a3fe-be18e35a9de7,216ef7c7-c1ec-4394-8aa2-2990b712b03b,ATHLETE,user10581@test.com,user_1581,PASSED,COLLEGE,US,NA,2025-06-04,,
8b01f64a-9c41-4251-a67d-f6239ca1ab82,d95a62d9-bc43-47b3-aeca-88b86be2c3ce,ATHLETE,user11201@test.com,user_2201,PASSED,YOUTH,CA,NA,2025-12-02,,
646ba116-5dd5-451a-8699-3b9f4af42e5d,d1d1e779-9d61-4010-beb7-d84e25dd557a,ATHLETE,user10570@test.com,user_1570,PASSED,COLLEGE,UK,NA,2025-05-20,,
df8d22f3-e418-4079-a351-dbd60fc37675,7d3e810a-67f2-485b-802c-82dc2f98dd6c,ATHLETE,user10298@test.com,user_1298,PASSED,YOUTH,US,NA,2025-03-31,,
a534e44b-b237-469d-a660-7d86030b304a,68c1035f-6b9a-4c88-bc92-4ceef35da616,ATHLETE,user11733@test.com,user_2733,PASSED,COLLEGE,UK,NA,2025-08-17,,
2b5b6e1f-90e5-4c2a-9947-964981c213fb,3dd7a2d7-e33d-4763-9f9c-960a1601b643,ATHLETE,user11696@test.com,user_2696,PASSED,PRO,CA,NA,2025-10-27,,
355bdce4-f975-4425-82bd-da2d4a58ca5e,07cd3aff-f849-4747-96f2-57254b53f648,ATHLETE,user11335@test.com,user_2335,PASSED,YOUTH,US,NA,2025-10-07,,
33e9aaf4-c67d-419e-a9c5-3926e7bf03ed,c31da546-ec8f-440f-88b0-012f8f0e4542,ATHLETE,user10481@test.com,user_1481,PASSED,COLLEGE,UK,NA,2025-04-15,,
dae1896c-25ca-4748-81dc-c039b87197f9,b113383d-9ce4-40f3-8f2c-4991dab19206,ATHLETE,user10944@test.com,user_1944,PASSED,YOUTH,UK,NA,2025-09-18,,
b2a49f88-c44f-439e-8648-7527b24ff8ff,b5fbc844-b039-4dc1-923f-132bb6875c8a,ATHLETE,user10390@test.com,user_1390,PASSED,PRO,CA,NA,2025-03-09,,
ae85e877-16a3-4522-9303-e4d43c867c8c,4fdf407c-5ca6-476d-9f68-d4d29e289e95,ATHLETE,user10282@test.com,user_1282,PASSED,YOUTH,CA,NA,2025-10-07,,
f9913c91-7b2a-4de0-84c0-1052f83c03d1,8d312b56-83c9-4b22-b1b6-5e18bde1888f,ATHLETE,user10101@test.com,user_1101,PASSED,COLLEGE,UK,NA,2025-07-12,,
edd2d1d7-b825-41eb-8b57-e8409f1df9c2,e1be74a2-beb2-41e6-8105-c2bf13a8067f,ATHLETE,user11123@test.com,user_2123,PASSED,YOUTH,CA,NA,2025-06-10,,
851cafee-f266-4596-9151-651a36c5da7c,20221e59-1e4d-49ef-a1c4-f70511a7a893,ATHLETE,user10139@test.com,user_1139,PASSED,PRO,US,NA,2025-10-30,,
ca489e1f-6e3c-4ad7-a4fe-2ad60221b7b9,e1180c7f-6d76-468a-bb56-8396119d8ce3,ATHLETE,user11720@test.com,user_2720,PASSED,COLLEGE,CA,NA,2025-10-28,,
04aa187c-3d85-4279-869a-7d8bf2807bb7,b40f1bd6-4ec7-4358-880e-cc92c25d86c0,ATHLETE,user10466@test.com,user_1466,PASSED,YOUTH,US,NA,2025-05-30,,
ff0adecb-4823-484b-aea1-22bc39472aee,8d4e5beb-c4ea-4fa1-a632-bd37780cf9c4,ATHLETE,user11915@test.com,user_2915,PASSED,PRO,CA,NA,2025-10-13,,
5332f2e0-21b6-4bdc-beac-66853cabfa38,c509c0b7-6107-41f7-9406-195034b78e7e,ATHLETE,user11278@test.com,user_2278,PASSED,PRO,US,NA,2025-12-25,,
e1e37e8a-ca16-46e2-af52-a1b55065ee03,222f6dfe-2f79-4954-a9d9-6428fd6db6da,ATHLETE,user10532@test.com,user_1532,PASSED,COLLEGE,US,NA,2025-08-20,,
193d527f-2539-4bd6-8b88-db44b7e7534d,63cace42-a859-4675-8069-440876cd0265,ATHLETE,user10504@test.com,user_1504,PASSED,YOUTH,US,NA,2025-01-28,,
671480c5-8e7c-4a43-8ad4-ae665b1c21dd,f5c259b0-4817-47c8-954c-d329534747e9,ATHLETE,user11651@test.com,user_2651,PASSED,COLLEGE,UK,NA,2025-08-13,,
8e3412ca-2829-4fe7-9455-135479030782,540bb91f-100b-4a0d-839b-66c81ca78876,ATHLETE,user11510@test.com,user_2510,PASSED,PRO,US,NA,2025-10-26,,
6b43956c-8ae0-4ef2-b79c-2d92e0e11a70,a1fe8af3-1f79-4bcd-903b-451f66129420,ATHLETE,user10662@test.com,user_1662,PASSED,COLLEGE,CA,NA,2025-11-29,,
ab9c9fd8-c4c2-446b-bc03-e572458ddc14,24b5107f-c17e-4af4-a6ec-46beaa159e6a,ATHLETE,user11616@test.com,user_2616,PASSED,PRO,UK,NA,2025-09-04,,
e9f1ef0c-837e-4bcf-8e7f-c34f933e1ba1,d2a3f9dc-2197-4461-882c-f0436fd866f1,ATHLETE,user11866@test.com,user_2866,PASSED,PRO,US,NA,2025-01-14,,
c76cdbdd-2c98-4129-a402-a30a8600bc27,96b57a84-b9bf-40e4-9b34-c02f9ddb114d,ATHLETE,user11984@test.com,user_2984,PASSED,YOUTH,US,NA,2025-01-11,,
3ee90b58-8c8a-42c7-88ff-63b0d8635e6f,ce8b2f40-d77e-4b6a-8b44-f1effe835e27,ATHLETE,user10590@test.com,user_1590,PENDING,PRO,US,NA,2025-03-17,,
8328b3a8-39d8-4e2f-84ec-87eb8281b395,efa55df6-7d9d-44f7-ac5a-529f6d20c109,ATHLETE,user10228@test.com,user_1228,PENDING,YOUTH,US,NA,2025-02-07,,
919b3bf5-7eb4-420b-83a5-3b0f3fa2a1ab,c587d688-2232-4e48-aa85-1f125ee17282,ATHLETE,user11349@test.com,user_2349,PENDING,YOUTH,US,NA,2025-04-08,,
b53aba43-6383-496f-b4d3-cb8f9376ebb1,7ff3570f-aa31-4490-98f0-81cdb5cb63ed,ATHLETE,user11763@test.com,user_2763,PENDING,YOUTH,US,NA,2025-09-28,,
44a37b4f-434f-4fac-afd2-c46ca8f18c6e,304dd250-cd9b-478a-8cda-33c1a689eb4c,ATHLETE,user11657@test.com,user_2657,PENDING,COLLEGE,US,NA,2025-03-19,,
980ac69b-9bd2-4e7e-aab5-14526eb03e8f,cbfc218a-0588-4c3d-9c40-c43dcb941003,ATHLETE,user11474@test.com,user_2474,PENDING,COLLEGE,CA,NA,2025-11-15,,
c040e0d2-ab8c-4ef3-b6f6-a2939fbd12bc,642a9bec-1444-4423-9460-8db37847bc06,ATHLETE,user11828@test.com,user_2828,PENDING,COLLEGE,UK,NA,2025-11-05,,
5d1912c9-8e4a-47ed-a6d3-534906589ab0,9c94b118-2093-4d3a-9467-fe8057fab379,ATHLETE,user11270@test.com,user_2270,PENDING,YOUTH,US,NA,2025-03-17,,
2d4c170b-b582-4a8a-8d64-dc74cdb6def5,5c66f157-e956-4966-9c30-7393e383840a,ATHLETE,user10361@test.com,user_1361,PENDING,PRO,US,NA,2025-09-09,,
b9805b3b-4dab-44b8-8fc4-32d773d4900f,6b8103b5-5b15-47af-9f04-4f96ae96494e,ATHLETE,user10649@test.com,user_1649,PENDING,YOUTH,US,NA,2025-11-02,,
56f70f14-1c99-49ae-9aae-be846f6920fb,574dc8ba-a1b7-4afd-ada9-b40c35f89f3a,ATHLETE,user10957@test.com,user_1957,PENDING,COLLEGE,UK,NA,2025-04-10,,
574cce93-bc64-439b-8f8f-a066e6ee15cf,7fba57f1-9261-44b7-99b1-1eea279acbaf,ATHLETE,user10629@test.com,user_1629,PENDING,PRO,UK,NA,2025-11-09,,
4c8c0f0e-e034-4c9c-85ad-fca1b315df20,34a2c9e6-d122-4064-b40d-a26ecf13fd66,ATHLETE,user11917@test.com,user_2917,PENDING,YOUTH,CA,NA,2025-07-13,,
6915c19a-23b0-490d-89cd-711dbea4b4bc,cf34a4fa-ae4b-4597-8ed7-0d49aae78dfd,ATHLETE,user10460@test.com,user_1460,PENDING,COLLEGE,US,NA,2025-10-12,,
2bebe3ca-e0f2-4649-9b82-c8dbc64e49b6,00bc04ab-3633-4218-bc4f-a12d35b0c6fb,ATHLETE,user11710@test.com,user_2710,PENDING,YOUTH,UK,NA,2025-03-12,,
e33db7a8-462d-445a-bae3-07a3e473f0df,2aaa2975-15de-49de-bd4d-b56a66cba4ba,ATHLETE,user10400@test.com,user_1400,FAILED,COLLEGE,UK,NA,2025-04-16,,
7580123d-608a-4049-88d9-a247d4ea944f,0262177d-c337-4ec2-ac75-fcd465178957,ATHLETE,user11556@test.com,user_2556,PENDING,PRO,US,NA,2025-08-08,,
1a2e0825-e5d7-4369-a802-9cf138a5442b,e8b60422-6fd8-4192-bcef-3ebb86d6ce0c,ATHLETE,user10370@test.com,user_1370,PENDING,COLLEGE,US,NA,2025-02-16,,
9269a050-cda0-46ec-9839-7a6cdc34f319,59200c99-9042-429e-9d29-0dce75a96b97,ATHLETE,user11652@test.com,user_2652,PENDING,COLLEGE,UK,NA,2025-07-03,,
6d367506-baf2-45c5-b3da-99657922cee4,ee435946-cf4d-4604-bc94-06767d4da354,ATHLETE,user10808@test.com,user_1808,PENDING,YOUTH,US,NA,2025-10-06,,
348abc2d-b4df-487e-b127-a0fe49fecb9d,50dfa617-032e-40c8-9ab9-34f60ca4f434,ATHLETE,user10169@test.com,user_1169,FAILED,YOUTH,CA,NA,2025-12-21,,
2d04894b-3c3a-4548-897a-bbf26707ce74,e46a70f7-7f02-48a4-bf18-e9e9a4cd4054,ATHLETE,user11914@test.com,user_2914,PENDING,PRO,US,NA,2025-06-20,,
c2bfdc14-fbdc-43a5-a87f-7164bf7440d9,b5c15faf-de00-4d45-99b9-ae0eb3a1d6e0,ATHLETE,user11561@test.com,user_2561,PENDING,COLLEGE,CA,NA,2025-09-01,,
64bceef4-58eb-4780-82f2-c155c9d79f42,c610a345-03c9-4797-9fdc-b3b3b0f9848a,ATHLETE,user10975@test.com,user_1975,PENDING,COLLEGE,UK,NA,2025-12-14,,
b14884ab-0a72-424a-aac0-f2c9fddf8b04,6bda6141-1c6a-44a2-8970-121af0d27098,ATHLETE,user11939@test.com,user_2939,PENDING,PRO,CA,NA,2025-12-09,,
a3c287b3-59f3-4d98-a458-012d3e8a1335,0ce9891d-63c4-4661-b511-ba6120a433ba,ATHLETE,user10486@test.com,user_1486,PENDING,YOUTH,US,NA,2025-02-03,,
cf9a91d4-b863-4c46-a89a-8f8088a528a6,af68d3ca-8ad7-4075-836a-3efb53a6c7cc,ATHLETE,user11697@test.com,user_2697,FAILED,PRO,CA,NA,2025-02-01,,
01ddd7c8-6902-4d27-8835-52b99bae2273,8928508d-2fbf-49e5-bad1-e1d0d99ba7c6,ATHLETE,user11083@test.com,user_2083,FAILED,YOUTH,CA,NA,2025-01-23,,
891499ca-bdd2-450b-9398-4b2e32b51a3d,d1cee5c1-60a3-4f16-a564-28e432d059c4,ATHLETE,user10832@test.com,user_1832,PENDING,PRO,UK,NA,2025-11-21,,
a1da098b-9e37-4e0e-8e64-6a0ba378875c,daa92aaa-c108-49d5-b750-2b3d4d5d496e,ATHLETE,user11247@test.com,user_2247,FAILED,YOUTH,CA,NA,2025-04-11,,
f70d701b-9e96-4003-b4ba-72129cfd06d2,47770341-e097-4f46-8837-3a077ce68be0,ATHLETE,user10661@test.com,user_1661,PENDING,PRO,UK,NA,2025-11-06,,
69e32041-df27-4dce-b879-53a4da5d36cc,12eddaaa-3abe-42c9-9285-c85c83a9e0f8,ATHLETE,user10660@test.com,user_1660,PENDING,YOUTH,US,NA,2025-08-30,,
2e277de5-2127-440d-8588-1f784be15387,44391ce9-276b-4fd8-9916-9ee393e38923,ATHLETE,user11798@test.com,user_2798,PENDING,COLLEGE,UK,NA,2025-04-24,,
318e7fee-47db-49bb-8b1f-97aa98594d40,438bf60a-0643-4f4b-bd7a-21c57bb5962a,ATHLETE,user11226@test.com,user_2226,FAILED,COLLEGE,CA,NA,2025-08-21,,
57025e9b-74a5-4d81-a39c-273c55e8f1aa,771292f2-58e7-4e47-a04a-8bc933c1feb5,ATHLETE,user11063@test.com,user_2063,FAILED,COLLEGE,US,NA,2025-08-15,,
79ca39da-810c-4a68-9ada-478b7e1ef90d,bccfe219-c266-4891-9cd3-ae9003d2f4ee,ATHLETE,user10748@test.com,user_1748,PENDING,COLLEGE,UK,NA,2025-01-19,,
69e8755e-21f7-4824-b719-0d46503e4bf6,bc2be8be-300c-45c0-b251-9e6223d030fc,ATHLETE,user10352@test.com,user_1352,FAILED,PRO,US,NA,2025-05-16,,
1eecbc7e-d1ba-4019-b756-999255864169,8a62f9ef-6154-4c6d-a140-0f28dd7cd280,ATHLETE,user11034@test.com,user_2034,PENDING,COLLEGE,US,NA,2025-11-06,,
eb691caa-16bf-4aa4-ba20-187528a9dc51,51bc314a-8043-48c3-a6fe-120977861b50,ATHLETE,user10812@test.com,user_1812,FAILED,PRO,UK,NA,2025-05-04,,
6d3913cb-ecea-4883-a9da-0fd19c9cffa5,a4856fa5-1146-4415-b516-b76a11b950a1,ATHLETE,user11452@test.com,user_2452,PENDING,COLLEGE,UK,NA,2025-05-18,,
d1141d78-1619-4d55-a553-c52533c77d1f,0e3304a9-2cba-43f2-b3f3-47028f793767,ATHLETE,user10208@test.com,user_1208,PENDING,COLLEGE,US,NA,2025-11-16,,
81d367df-22fa-4c58-b4e4-42f6c9cba0dc,418594be-7d5d-4cf7-8419-59c7edea0a27,ATHLETE,user11646@test.com,user_2646,PENDING,PRO,US,NA,2025-03-06,,
12cd09ea-4586-4cea-9899-22f681cda48b,2ed38481-f0e5-4ea0-899b-82261974d83f,ATHLETE,user11012@test.com,user_2012,PENDING,YOUTH,UK,NA,2025-07-15,,
f2e3861f-4828-44ea-82ea-bbbeb4d91f70,637433c4-07da-4e0c-a76d-99f082e5b801,ATHLETE,user11522@test.com,user_2522,PENDING,PRO,US,NA,2025-06-21,,
9b25ebe3-702e-421a-9494-aebe06e5e1ab,7c0ade79-e77e-4d25-b3c7-ae0387b46577,ATHLETE,user11786@test.com,user_2786,PENDING,PRO,UK,NA,2025-04-05,,
9bdcc0cd-52be-42c0-b899-55833e30b4ce,47d3119d-9300-4b9f-acf0-446ca1d7596f,ATHLETE,user10630@test.com,user_1630,FAILED,PRO,US,NA,2025-05-16,,
69f44fe9-30c9-4e8f-b5d8-de4247001069,3d75e871-6e91-4672-a08a-dabee632bcda,ATHLETE,user11921@test.com,user_2921,PENDING,YOUTH,UK,NA,2025-10-23,,
112c8a54-ba56-4c32-b59d-f9591a028033,eb8cfbfc-5205-4ef3-a86c-123320e250ce,ATHLETE,user10834@test.com,user_1834,FAILED,PRO,UK,NA,2025-12-23,,
d1d56f63-6ba8-4cac-9b95-f8b6b90056d9,cf9d03de-510b-4d76-a0b3-9882b4fe5006,ATHLETE,user11311@test.com,user_2311,FAILED,COLLEGE,UK,NA,2025-05-17,,
19b1ede5-db21-4760-9bed-bc9456ab680e,2043c5c6-be9b-4d2f-88e1-10a1136fe916,ATHLETE,user10520@test.com,user_1520,PENDING,PRO,UK,NA,2025-08-03,,
